epoch,train_loss,train_acc,train_f1,val_loss,val_acc,val_f1,lr,duration_sec
1,1.4921,0.4762,0.473,1.327,0.6222,0.6167,0.0005,12.28
2,0.7455,0.8119,0.8093,0.8875,0.7111,0.7157,0.0004945478263830845,7.6
3,0.3967,0.9024,0.9026,0.7327,0.7778,0.7795,0.00047842959168182885,7.54
4,0.2875,0.9119,0.9119,0.5962,0.7889,0.7872,0.00045234974009654937,7.77
5,0.1764,0.9524,0.9522,0.5982,0.7889,0.7911,0.0004174480862865351,7.61
6,0.1276,0.969,0.969,0.491,0.7889,0.7942,0.00037525,7.63
7,0.1007,0.981,0.9809,0.4581,0.8,0.8017,0.0003275997400965494,7.55
8,0.0945,0.9738,0.9739,0.382,0.8556,0.8566,0.00027657985158527956,7.55
9,0.0902,0.9738,0.9738,0.4355,0.8222,0.8197,0.00022442014841472048,7.62
10,0.068,0.9929,0.9929,0.4258,0.8444,0.844,0.00017340025990345064,7.53
11,0.0512,0.9929,0.9929,0.3855,0.8333,0.8334,0.00012575000000000005,7.61
12,0.0463,0.9952,0.9952,0.3775,0.8444,0.844,8.355191371346494e-05,7.94
13,0.084,0.9667,0.9666,0.3657,0.8556,0.8558,4.8650259903450626e-05,7.63
14,0.0396,1.0,1.0,0.3574,0.8444,0.8451,2.2570408318171052e-05,7.59
